s腹,ga跋q旄m,ga簿锣笨nキよそへ,ㄏノだ跋┪sw
RPUOMLSJKILFFCD68CC,地q,.00,常カG
RPUOMLSJKILFFCD68CC,地q,.00,常カG
RPUNMLMKKILFFCD08CC,戋兰dq,.00,常カG
RPRNMLPKKILFFCD08CC,肝Fq,52.86,常カG
RPRNMLPKKILFFCD08CC,肝Fq,29.27,常カG
RPTNMLPKKILFFCD28CC,sFq,100.00,常カGㄤL
RPSNMLQKKILFFCD28CC,sFq,64.00,常カGㄤL
RPSNMLQKKILFFCD28CC,sFq,3.00,常カGㄤL
RPTNMLQKKILFFCD38CC,肝Fq,263.50,常カGㄤL
RPTNMLQKKILFFCD38CC,肝Fq,53.89,常カGㄤL
RPUNMLQKKILFFCD48CC,闽椰q,117.27,常カGㄤL
RPUNMLMLKILFFCD18CC,QLq,115.00,常カG
RPPNMLMJJHMFFCD37CC,ssq,.00,常カG坝
RPPNMLMJJHMFFCD37CC,ssq,.00,常カG坝
RPQNMLMJJHMFFFR56CC,榜lYq,93.00,D常カGm跋 ; D常カswGA贺乜vノa
RPOQMLNJJHMFFHR96CC,秤Qq,42.83,常カGㄤL
RPOQMLNJJHMFFHR96CC,秤Qq,22.39,常カGㄤL
RPXPMLOJJHMFFHR87CC,郴nq,.00,常カG
RPTNMLOJJHMFFAD77CC,_じq,112.20,常カG坝
RPVNMLOJJHMFFAD97CC,}じq,.00,常カG
RPUNMLOJJHMFFCD08CC,λt憩q,64.76,常カG
RPVOMLPJJHMFFCD38CC,λt憩q,.00,常カG
RPWOMLPJJHMFFCD48CC,戋兰dq,2.96,常カGㄤL
RPOPMLPJJHMFFAD57CC,鞯噩q,.00,常カG
RPPRMLPJJHMFFAD87CC,タ谋q,.00,常カG
RPOSMLPJJHMFFAD87CC,タ砍q,.00,常カG
RPUNMLPJJHMFFER17CC,dq,560.00,D常カGm跋 ; D常カswGA贺乜vノa
RPRPMLQJJHMFFHR47CC,Qいq,.00,常カG
RPQNMLRJJHMFFAD77CC,j翠q,80.90,常カG
RPQOMLTJJHMFFAD08CC,吏eq,.00,常カG
RPQOMLTJJHMFFAD08CC,吏eq,.00,常カG
RPQOMLTJJHMFFAD08CC,吏eq,.00,常カG
RPTOMLTJJHMFFHR87CC,ッMq,.00,常カG坝
RPRNMLTJJHMFFCD28CC,QLq,57.00,D常カG ; D常カswG
RPSNMLTJJHMFFCD38CC,λt憩q,79.00,常カG
RPQNMLKKJHMFFCD37CC,w蔼q,89.00,常カG
RPVOMLKKJHMFFCD97CC,戋兰dq,.00,常カG
RPWOMLKKJHMFFCD08CC,戋兰dq,2.96,常カGㄤL
RPOOMLKKJHMFFHR56CC,爵_q,.00,常カG
RPPPMLKKJHMFFHR76CC,ッMq,.00,常カG
RPQNMLLKJHMFFAD27CC,Ztq,97.71,常カGㄤL
RPQOMLLKJHMFFAD37CC,}じq,.00,常カG
RPSNMLLKJHMFFBD57CC,矮nq,.00,常カG
RPOOMLLKJHMFFCD37CC,戋兰dq,.00,常カG
RPPOMLLKJHMFFCD47CC,sFq,.00,常カG
RPVNMLLKJHMFFAR56CC,jPq,4.88,常カG
RPSOMLMKJHMFFER86CC,Cq,140.33,常カG
RPQOMLMKJHMFFBD57CC,Fq,93.71,常カG
RPQOMLMKJHMFFBD57CC,Fq,5.76,常カGㄤL
RPSNMLMKJHMFFHR07CC,QFq,.00,常カG
RPTNMLNKJHMFFCD97CC,w蔼q,.00,常カG
